{"_type":"export","__export_format":4,"__export_date":"2024-10-04T18:29:16.552Z","__export_source":"insomnia.desktop.app:v2022.7.5","resources":[{"_id":"req_de44579ebcfb440b9bc29ad6b2227579","parentId":"wrk_92e863e4021049178340991bd9cdc9ef","modified":1728066469606,"created":1728066185626,"url":"127.0.0.1/api/produto/2","name":"CLIENTE/DELETE","description":"","method":"DELETE","body":{},"parameters":[],"headers":[],"authentication":{},"metaSortKey":-1728066185626,"isPrivate":false,"settingStoreCookies":true,"settingSendCookies":true,"settingDisableRenderRequestBody":false,"settingEncodeUrl":true,"settingRebuildPath":true,"settingFollowRedirects":"global","_type":"request"},{"_id":"wrk_92e863e4021049178340991bd9cdc9ef","parentId":null,"modified":1674483403822,"created":1674483403822,"name":"New Document","description":"","scope":"design","_type":"workspace"},{"_id":"req_c8201364e84e46a886467d01e0b1c6b4","parentId":"wrk_92e863e4021049178340991bd9cdc9ef","modified":1728065901362,"created":1728064591547,"url":"127.0.0.1/api/produto","name":"CLIENTE/UPDATE","description":"","method":"PUT","body":{"mimeType":"application/json","text":"{\n\t\"id\": 1,\n\"nome\": \"Kamilly Vitoria\",\n\"celular\": \"(18)12234555\",\n\"CPF\": \"223332111188\",\n\"email\": \"Kamiss@gmail.com\",\n\"dataDeNascimento\": \"2008/03/12\",\n\"cidade\": \"Presidente epitácio\",\n\"estado\": \"São Paulo\",\n\"país\":\"Brasil\",\n\"rua\": \"Rua dos céus\",\n\"numero\":\"350\",\n\"bairro\": \"vila dos fofinhos\" ,\n\"CEP\":\"1479000\"\n}"},"parameters":[],"headers":[{"name":"Content-Type","value":"application/json"}],"authentication":{},"metaSortKey":-1728064591547,"isPrivate":false,"settingStoreCookies":true,"settingSendCookies":true,"settingDisableRenderRequestBody":false,"settingEncodeUrl":true,"settingRebuildPath":true,"settingFollowRedirects":"global","_type":"request"},{"_id":"req_ffb1b7d71ebb4476982057d38b220ff4","parentId":"wrk_92e863e4021049178340991bd9cdc9ef","modified":1728063024852,"created":1728062613231,"url":"127.0.0.1/api/cliente","name":"CLIENTE/INDEX","description":"","method":"GET","body":{"mimeType":"application/json","text":""},"parameters":[],"headers":[{"name":"Content-Type","value":"application/json"}],"authentication":{},"metaSortKey":-1728062613231,"isPrivate":false,"settingStoreCookies":true,"settingSendCookies":true,"settingDisableRenderRequestBody":false,"settingEncodeUrl":true,"settingRebuildPath":true,"settingFollowRedirects":"global","_type":"request"},{"_id":"req_aea639ebc8f0473d96e19c906a7b152e","parentId":"wrk_92e863e4021049178340991bd9cdc9ef","modified":1728066076168,"created":1728058139604,"url":"127.0.0.1/api/cliente","name":"CLIENTE/GET","description":"","method":"POST","body":{"mimeType":"application/json","text":"{\n\"nome\": \"Maria Eduarda\",\n\"celular\": \"(18)12233555\",\n\"CPF\": \"223332111188\",\n\"email\": \"dudinha@gmail.com\",\n\"dataDeNascimento\": \"2008/02/16\",\n\"cidade\": \"Presidente epitácio\",\n\"estado\": \"São Paulo\",\n\"país\":\"Brasil\",\n\"rua\": \"Rua dos sllos\",\n\"numero\":\"150\",\n\"bairro\": \"vila dos ricos\" ,\n\"CEP\":\"1970000\"\n}"},"parameters":[],"headers":[{"name":"Content-Type","value":"application/json"}],"authentication":{},"metaSortKey":-1728058139604,"isPrivate":false,"settingStoreCookies":true,"settingSendCookies":true,"settingDisableRenderRequestBody":false,"settingEncodeUrl":true,"settingRebuildPath":true,"settingFollowRedirects":"global","_type":"request"},{"_id":"req_5fa8ce2c8c68498dbb64a5db1e098771","parentId":"wrk_92e863e4021049178340991bd9cdc9ef","modified":1728050528962,"created":1728050169973,"url":"127.0.0.1/api/produto/find/ano","name":"GET/NOME","description":"","method":"GET","body":{"mimeType":"application/json","text":"{\n\t\"ano\": 2024\n}"},"parameters":[],"headers":[{"name":"Content-Type","value":"application/json"}],"authentication":{},"metaSortKey":-1728050169973,"isPrivate":false,"settingStoreCookies":true,"settingSendCookies":true,"settingDisableRenderRequestBody":false,"settingEncodeUrl":true,"settingRebuildPath":true,"settingFollowRedirects":"global","_type":"request"},{"_id":"req_20963d654aa543f2a2925ce54b084f73","parentId":"wrk_92e863e4021049178340991bd9cdc9ef","modified":1728066351411,"created":1728049601359,"url":"127.0.0.1/api/produto/find/marca","name":"GET/MARCA","description":"","method":"GET","body":{"mimeType":"application/json","text":"{\n\t\"marca\": \"Apple\"\n}"},"parameters":[],"headers":[{"name":"Content-Type","value":"application/json"}],"authentication":{},"metaSortKey":-1728049601359,"isPrivate":false,"settingStoreCookies":true,"settingSendCookies":true,"settingDisableRenderRequestBody":false,"settingEncodeUrl":true,"settingRebuildPath":true,"settingFollowRedirects":"global","_type":"request"},{"_id":"req_430bf01ccf314cb3b2493375d43fe517","parentId":"wrk_92e863e4021049178340991bd9cdc9ef","modified":1728049032909,"created":1728048463914,"url":"127.0.0.1/api/produto/find/entre/valores","name":"GET/VALORENTRE","description":"","method":"GET","body":{"mimeType":"application/json","text":"{\n\t\"valorInicial\": 330.00,\n\t\"valorFinal\": 16000.00\n\t\n}"},"parameters":[],"headers":[{"name":"Content-Type","value":"application/json"}],"authentication":{},"metaSortKey":-1728048463914,"isPrivate":false,"settingStoreCookies":true,"settingSendCookies":true,"settingDisableRenderRequestBody":false,"settingEncodeUrl":true,"settingRebuildPath":true,"settingFollowRedirects":"global","_type":"request"},{"_id":"req_f2abb0bb924942fcab8a454297c96fde","parentId":"wrk_92e863e4021049178340991bd9cdc9ef","modified":1728047483049,"created":1728047397446,"url":"127.0.0.1/api/produto/find/maior","name":"GET/VALORMAIOR","description":"","method":"GET","body":{"mimeType":"application/json","text":"{\n\t\"valor\": 340.00\n}"},"parameters":[],"headers":[{"name":"Content-Type","value":"application/json"}],"authentication":{},"metaSortKey":-1728047397446,"isPrivate":false,"settingStoreCookies":true,"settingSendCookies":true,"settingDisableRenderRequestBody":false,"settingEncodeUrl":true,"settingRebuildPath":true,"settingFollowRedirects":"global","_type":"request"},{"_id":"req_4f521df3bf224cd49c8c471102f26df1","parentId":"wrk_92e863e4021049178340991bd9cdc9ef","modified":1728046635684,"created":1728046110160,"url":"127.0.0.1/api/produto/find/name","name":"GET/FINDBYNAME","description":"","method":"GET","body":{"mimeType":"application/json","text":"{\n\t\"nome\": \"Maaaa\"\n}"},"parameters":[],"headers":[{"name":"Content-Type","value":"application/json"}],"authentication":{},"metaSortKey":-1728046110160,"isPrivate":false,"settingStoreCookies":true,"settingSendCookies":true,"settingDisableRenderRequestBody":false,"settingEncodeUrl":true,"settingRebuildPath":true,"settingFollowRedirects":"global","_type":"request"},{"_id":"req_41aeef4b97684b10959b48ef868e722b","parentId":"wrk_92e863e4021049178340991bd9cdc9ef","modified":1728045004699,"created":1728044975414,"url":"127.0.0.1/api/produto/5","name":"GET/SHOW","description":"","method":"GET","body":{},"parameters":[],"headers":[],"authentication":{},"metaSortKey":-1728044975414,"isPrivate":false,"settingStoreCookies":true,"settingSendCookies":true,"settingDisableRenderRequestBody":false,"settingEncodeUrl":true,"settingRebuildPath":true,"settingFollowRedirects":"global","_type":"request"},{"_id":"req_ce0b1486e2ca4ba0b8e7a984f84fe0e5","parentId":"wrk_92e863e4021049178340991bd9cdc9ef","modified":1728043852719,"created":1728042954746,"url":"127.0.0.1/api/produto/3","name":"DELETE","description":"","method":"DELETE","body":{},"parameters":[],"headers":[],"authentication":{},"metaSortKey":-1728042954746,"isPrivate":false,"settingStoreCookies":true,"settingSendCookies":true,"settingDisableRenderRequestBody":false,"settingEncodeUrl":true,"settingRebuildPath":true,"settingFollowRedirects":"global","_type":"request"},{"_id":"req_d3362321087348c59f121dfa020f8c4a","parentId":"wrk_92e863e4021049178340991bd9cdc9ef","modified":1728042907302,"created":1728041455227,"url":"127.0.0.1/api/produto","name":"PUT/UPDATE","description":"","method":"PUT","body":{"mimeType":"application/json","text":"{\n\t\"id\": 2,\n\t\"nome\": \"Celular atualizado\",\n\t\"marca\": \"xiaomi\",\n\t\"valor\": 440.00\n}"},"parameters":[],"headers":[{"name":"Content-Type","value":"application/json"}],"authentication":{},"metaSortKey":-1728041455227,"isPrivate":false,"settingStoreCookies":true,"settingSendCookies":true,"settingDisableRenderRequestBody":false,"settingEncodeUrl":true,"settingRebuildPath":true,"settingFollowRedirects":"global","_type":"request"},{"_id":"req_14bec7781b5945b9b81162295eb3df29","parentId":"wrk_92e863e4021049178340991bd9cdc9ef","modified":1728040763187,"created":1728040737549,"url":"127.0.0.1/api/produto","name":"GET/INDEX","description":"","method":"GET","body":{},"parameters":[],"headers":[],"authentication":{},"metaSortKey":-1728040737549,"isPrivate":false,"settingStoreCookies":true,"settingSendCookies":true,"settingDisableRenderRequestBody":false,"settingEncodeUrl":true,"settingRebuildPath":true,"settingFollowRedirects":"global","_type":"request"},{"_id":"req_643569000f7e46a8a79b33af5749b5a9","parentId":"wrk_92e863e4021049178340991bd9cdc9ef","modified":1728044164109,"created":1674483403831,"url":"127.0.0.1/api/produto","name":"POST/STORE","description":"","method":"POST","body":{"mimeType":"application/json","text":"{\n\t\"nome\":\"Iphone 15\",\n\t\"marca\": \"Apple\",\n\t\"valor\": 9000.00\n}"},"parameters":[],"headers":[{"name":"Content-Type","value":"application/json"}],"authentication":{},"metaSortKey":-1674483403831,"isPrivate":false,"settingStoreCookies":true,"settingSendCookies":true,"settingDisableRenderRequestBody":false,"settingEncodeUrl":true,"settingRebuildPath":true,"settingFollowRedirects":"global","_type":"request"},{"_id":"env_345c9bd1a2912c8ecdd515437a154274cef216ec","parentId":"wrk_92e863e4021049178340991bd9cdc9ef","modified":1674483403826,"created":1674483403826,"name":"Base Environment","data":{},"dataPropertyOrder":null,"color":null,"isPrivate":false,"metaSortKey":1674483403826,"_type":"environment"},{"_id":"jar_345c9bd1a2912c8ecdd515437a154274cef216ec","parentId":"wrk_92e863e4021049178340991bd9cdc9ef","modified":1674483403827,"created":1674483403827,"name":"Default Jar","cookies":[],"_type":"cookie_jar"},{"_id":"spc_3f78eb2013b94aaf81b3cf226fcc46ae","parentId":"wrk_92e863e4021049178340991bd9cdc9ef","modified":1728038323682,"created":1674483403822,"fileName":"New Document","contents":"","contentType":"yaml","_type":"api_spec"},{"_id":"uts_1380377451c2487d95e3939bbc8a822b","parentId":"wrk_92e863e4021049178340991bd9cdc9ef","modified":1674483403833,"created":1674483403833,"name":"Example Test Suite","_type":"unit_test_suite"}]}